title,label
더벨맘스터치 가맹점포 롯데리아 앞질러1위 우뚝,1
롯데리아도 맘스터치도 패스트푸드점 위생적발 5년간 50 증가,1
맘스터치 도시락 한 달만에 3만개 완판잘 나가는 치킨 프랜차이즈 간편식,0
맘스터치 먹고 뉴이스트 · 옹성우 · 여자친구 보러가자,0
MTM터치 연중기획공연12세계의 음악도시 오스틴 내슈빌 아바나,0
기로에 선 자영업자 그래도 해법은 있다,0
단독 지금도 맥도날드서 벌레·이물질 줄줄줄반년새 21건 포스팅 충격,-1
엄지족 잡아라패스트푸드도 배달 경쟁 가세,0
더벨강소 외식프랜차이즈 리포트해마로푸드 가격·품질 두마리 토끼 잡,0
맘스터치 펩시 콘서트 입장권 증정 이벤트,0
국내서 1위 쫓는 해마로푸드서비스 맘스터치’해외 사업은 지지부진,1
붐바타 창업박람회 참가제2의 맘스터치 시동건다,0
해마로푸드 붐바타로 제2의 맘스터치 시동건다,0
맘스터치 군대스리가 예비군편’ 추가 진행,0
맘스터치 뉴미디어 통해 기부나눔 알리다,1
맘스터치 필리핀 진출동남아 공략 가속화,1
맘스터치 대장균 초과 검출 이어 또 덜 익은 패티‧맨손조리‧냅킨 벌레 논란,-1
맘스터치 위생 엉망 논란냅킨 벌레·덜 익은 고기로 조리,-1
축구·농구·제기차기맘스터치 뉴미디어 통한 기부나눔 전파,1
가성비 햄버거로 맘스터치 강하게 위협하는 노브랜드 버거 메뉴 5가지,0